{
  "project_info": {
    "project_number": "260166103302",
    "project_id": "mobilepert11",
    "storage_bucket": "mobilepert11.appspot.com"
  },
  "client": [
    {
      "client_info": {
        "mobilesdk_app_id": "1:260166103302:android:3f16415390dfde5731ee87",
        "android_client_info": {
          "package_name": "com.example.prak042072009"
        }
      },
      "oauth_client": [
        {
          "client_id": "260166103302-618l6nlfq8iao2ej03sdcogpvcj0qgt3.apps.googleusercontent.com",
          "client_type": 3
        }
      ],
      "api_key": [
        {
          "current_key": "AIzaSyBcOwfIQnNw6TTjmb2EA8sND64qZW0ce7Y"
        }
      ],
      "services": {
        "appinvite_service": {
          "other_platform_oauth_client": [
            {
              "client_id": "260166103302-618l6nlfq8iao2ej03sdcogpvcj0qgt3.apps.googleusercontent.com",
              "client_type": 3
            }
          ]
        }
      }
    }
  ],
  "configuration_version": "1"
}